id,workload,stage,operator,shape_args,reason,log_file,num_simulations,total_cycles,max_cycles,latency_us,wall_clock_s,avg_dram_aggregate_gbps,avg_systolic_util_pct,avg_vector_util_pct,dma_active_cycles,dram_reads,dram_writes,status,dataset,rtl_compute_cycles,rtl_weight_load_cycles,rtl_activation_load_cycles,rtl_output_store_cycles,rtl_config_cycles,rtl_shift_add_cycles,rtl_noc_reduce_cycles,rtl_tile_output_transfer_cycles,rtl_output_arbiter_cycles,rtl_joint_sram_cycles,rtl_total_cycles,rtl_latency_us,rtl_useful_macs,rtl_padded_macs,rtl_compute_utilization,rtl_m_blocks,rtl_k_blocks,rtl_n_blocks,rtl_workmode_class,rtl_output_transfer_multiplier,rtl_model_note,rtl_speedup_vs_pytorchsim_baseline,pytorchsim_cycles,pytorchsim_latency_us,backend_scenario,shape_desc,max_expected_runtime_s,rtl_bringup_k,rtl_bringup_cout,rtl_bringup_group_size,rtl_bringup_cin_idx_total,rtl_bringup_spatial_points,rtl_bringup_final_run_cycles,rtl_bringup_nonfinal_run_cycles,rtl_bringup_per_spatial_cycles,rtl_bringup_total_cycles,rtl_bringup_latency_us,rtl_bringup_speedup_vs_pytorchsim,rtl_bringup_status,rtl_bringup_vs_old_model_ratio,group16_v5_k,group16_v5_cout,group16_v5_group_size,group16_v5_cin_idx_total,group16_v5_spatial_points,group16_v5_per_spatial_cycle_list,group16_v5_per_spatial_cycles,group16_v5_total_cycles,group16_v5_latency_us,group16_v5_speedup_vs_pytorchsim,group16_v5_vs_group4_bringup_ratio,group16_v5_rule_status,group16_v5_status,group16_v5_note,group16_v7_k,group16_v7_cout,group16_v7_cin_idx_total,group16_v7_spatial_points,group16_v7_per_spatial_cycle_list,group16_v7_per_spatial_cycles,group16_v7_total_cycles,group16_v7_latency_us,group16_v7_speedup_vs_pytorchsim,group16_v7_vs_group4_bringup_ratio,group16_v7_rule_status,group16_v7_status,group16_v7_adversarial_scope_status,group16_v7_adversarial_scope_note,group16_v7_note
unet_conv_64_320_320,SD_UNet,early_down,conv,1 64 64 320 320 3 1 1,UNet early feature conv proxy,/root/autodl-tmp/torchsim_work/flood_results/logs/batch_ops/unet_conv_64_320_320.log,1,187707,187707,199.68829787234043,54.757187,248.62105263157895,90.38184210526317,0.93,189336,2682072,344064,ok,workload_v1,921600,28800,368640,20480,42,5120,2304,5120,81920,5120,1041786,1108.2829787234043,3774873600,3774873600,1.0,256,90,10,spatial_conv,2,"derived from FLOOD Config.scala, Tile.scala, Cluster.scala, and MacMachine_top.v; excludes unimplemented outlier/softmax features",0.18017807879929276,187707.0,199.68829787234043,current_rtl,,,3,10,4,90,256,565.0,562.0,50583.0,12949248.0,13775.795745,0.014496,extrapolated_from_21_small_rtl_cases,12.429854,3,10,16,90,256,205.0;53.0;53.0;53.0;53.0;53.0;53.0;53.0;53.0;53.0;53.0;53.0;53.0;53.0;53.0;53.0;53.0;53.0;53.0;53.0;53.0;53.0;53.0;53.0;53.0;53.0;53.0;53.0;53.0;53.0;53.0;53.0;53.0;53.0;53.0;53.0;53.0;53.0;53.0;53.0;53.0;53.0;53.0;53.0;53.0;53.0;53.0;53.0;53.0;53.0;53.0;53.0;53.0;53.0;53.0;53.0;53.0;53.0;53.0;53.0;53.0;53.0;53.0;53.0;53.0;53.0;53.0;53.0;53.0;53.0;53.0;53.0;53.0;53.0;53.0;53.0;53.0;53.0;53.0;53.0;53.0;53.0;53.0;53.0;53.0;53.0;53.0;53.0;53.0;56.0,4925.0,1260800.0,1341.276596,0.148879,0.097365,group16_multicin_v5_validated,projection_uses_group16_v5_for_multicin_but_k3_group16_not_validated,calibrated projection; group16 spatial repetition still has RTL X issue,3,10,90,256,1505.0;1505.0;1505.0;1505.0;1505.0;1505.0;1505.0;1505.0;1505.0;1505.0;1505.0;1505.0;1505.0;1505.0;1505.0;1505.0;1505.0;1505.0;1505.0;1505.0;1505.0;1505.0;1505.0;1505.0;1505.0;1505.0;1505.0;1505.0;1505.0;1505.0;1505.0;1505.0;1505.0;1505.0;1505.0;1505.0;1505.0;1505.0;1505.0;1505.0;1505.0;1505.0;1505.0;1505.0;1505.0;1505.0;1505.0;1505.0;1505.0;1505.0;1505.0;1505.0;1505.0;1505.0;1505.0;1505.0;1505.0;1505.0;1505.0;1505.0;1505.0;1505.0;1505.0;1505.0;1505.0;1505.0;1505.0;1505.0;1505.0;1505.0;1505.0;1505.0;1505.0;1505.0;1505.0;1505.0;1505.0;1505.0;1505.0;1505.0;1505.0;1505.0;1505.0;1505.0;1505.0;1505.0;1505.0;1505.0;1505.0;1508.0,135453.0,34675968.0,36889.32766,0.005413,2.677836,k3_group16_v7,projection_from_k3_group16_v7,C_projection_large_k3_extent_unvalidated,k3 rule-supported but workload extent exceeds direct-clean holdout range,RTL-calibrated projection; full workload RTL validation not claimed
unet_conv_32_640_640,SD_UNet,mid_down,conv,1 32 32 640 640 3 1 1,UNet middle feature conv proxy,/root/autodl-tmp/torchsim_work/flood_results/logs/batch_ops/unet_conv_32_640_640.log,1,136456,136456,145.1659574468085,60.090444,392.6328571428571,86.04750000000001,0.52,215040,3317760,122880,ok,workload_v1,921600,115200,184320,10240,52,2560,960,2560,40960,2560,981652,1044.3106382978724,3774873600,3774873600,1.0,64,180,20,spatial_conv,2,"derived from FLOOD Config.scala, Tile.scala, Cluster.scala, and MacMachine_top.v; excludes unimplemented outlier/softmax features",0.13900649109867855,136456.0,145.1659574468085,current_rtl,,,3,20,4,180,64,1105.0,1102.0,198363.0,12695232.0,13505.565957,0.010749,extrapolated_from_21_small_rtl_cases,12.932518,3,20,16,180,64,395.0;53.0;53.0;53.0;53.0;53.0;53.0;53.0;53.0;53.0;53.0;53.0;53.0;53.0;53.0;53.0;53.0;53.0;53.0;53.0;53.0;53.0;53.0;53.0;53.0;53.0;53.0;53.0;53.0;53.0;53.0;53.0;53.0;53.0;53.0;53.0;53.0;53.0;53.0;53.0;53.0;53.0;53.0;53.0;53.0;53.0;53.0;53.0;53.0;53.0;53.0;53.0;53.0;53.0;53.0;53.0;53.0;53.0;53.0;53.0;53.0;53.0;53.0;53.0;53.0;53.0;53.0;53.0;53.0;53.0;53.0;53.0;53.0;53.0;53.0;53.0;53.0;53.0;53.0;53.0;53.0;53.0;53.0;53.0;53.0;53.0;53.0;53.0;53.0;53.0;53.0;53.0;53.0;53.0;53.0;53.0;53.0;53.0;53.0;53.0;53.0;53.0;53.0;53.0;53.0;53.0;53.0;53.0;53.0;53.0;53.0;53.0;53.0;53.0;53.0;53.0;53.0;53.0;53.0;53.0;53.0;53.0;53.0;53.0;53.0;53.0;53.0;53.0;53.0;53.0;53.0;53.0;53.0;53.0;53.0;53.0;53.0;53.0;53.0;53.0;53.0;53.0;53.0;53.0;53.0;53.0;53.0;53.0;53.0;53.0;53.0;53.0;53.0;53.0;53.0;53.0;53.0;53.0;53.0;53.0;53.0;53.0;53.0;53.0;53.0;53.0;53.0;53.0;53.0;53.0;53.0;53.0;53.0;53.0;53.0;53.0;53.0;53.0;53.0;56.0,9885.0,632640.0,673.021277,0.215693,0.049833,group16_multicin_v5_validated,projection_uses_group16_v5_for_multicin_but_k3_group16_not_validated,calibrated projection; group16 spatial repetition still has RTL X issue,3,20,180,64,2975.0;2975.0;2975.0;2975.0;2975.0;2975.0;2975.0;2975.0;2975.0;2975.0;2975.0;2975.0;2975.0;2975.0;2975.0;2975.0;2975.0;2975.0;2975.0;2975.0;2975.0;2975.0;2975.0;2975.0;2975.0;2975.0;2975.0;2975.0;2975.0;2975.0;2975.0;2975.0;2975.0;2975.0;2975.0;2975.0;2975.0;2975.0;2975.0;2975.0;2975.0;2975.0;2975.0;2975.0;2975.0;2975.0;2975.0;2975.0;2975.0;2975.0;2975.0;2975.0;2975.0;2975.0;2975.0;2975.0;2975.0;2975.0;2975.0;2975.0;2975.0;2975.0;2975.0;2975.0;2975.0;2975.0;2975.0;2975.0;2975.0;2975.0;2975.0;2975.0;2975.0;2975.0;2975.0;2975.0;2975.0;2975.0;2975.0;2975.0;2975.0;2975.0;2975.0;2975.0;2975.0;2975.0;2975.0;2975.0;2975.0;2975.0;2975.0;2975.0;2975.0;2975.0;2975.0;2975.0;2975.0;2975.0;2975.0;2975.0;2975.0;2975.0;2975.0;2975.0;2975.0;2975.0;2975.0;2975.0;2975.0;2975.0;2975.0;2975.0;2975.0;2975.0;2975.0;2975.0;2975.0;2975.0;2975.0;2975.0;2975.0;2975.0;2975.0;2975.0;2975.0;2975.0;2975.0;2975.0;2975.0;2975.0;2975.0;2975.0;2975.0;2975.0;2975.0;2975.0;2975.0;2975.0;2975.0;2975.0;2975.0;2975.0;2975.0;2975.0;2975.0;2975.0;2975.0;2975.0;2975.0;2975.0;2975.0;2975.0;2975.0;2975.0;2975.0;2975.0;2975.0;2975.0;2975.0;2975.0;2975.0;2975.0;2975.0;2975.0;2975.0;2975.0;2975.0;2975.0;2975.0;2975.0;2975.0;2975.0;2975.0;2975.0;2975.0;2975.0;2975.0;2975.0;2975.0;2978.0,535503.0,34272192.0,36459.778723,0.003982,2.699611,k3_group16_v7,projection_from_k3_group16_v7,C_projection_large_k3_extent_unvalidated,k3 rule-supported but workload extent exceeds direct-clean holdout range,RTL-calibrated projection; full workload RTL validation not claimed
unet_conv_16_1280_1280,SD_UNet,late_down,conv,1 16 16 1280 1280 3 1 1,UNet late high-channel conv proxy,/root/autodl-tmp/torchsim_work/flood_results/logs/batch_ops/unet_conv_16_1280_1280.log,1,294253,294253,313.0351063829787,108.73231,422.60100000000006,38.95533333333333,0.13,510800,8110080,62720,ok,workload_v1,921600,460800,92160,5120,72,1280,240,1280,20480,1280,951672,1012.4170212765957,3774873600,3774873600,1.0,16,360,40,spatial_conv,2,"derived from FLOOD Config.scala, Tile.scala, Cluster.scala, and MacMachine_top.v; excludes unimplemented outlier/softmax features",0.30919581536495766,294253.0,313.0351063829787,current_rtl,,,3,40,4,360,16,2185.0,2182.0,785523.0,12568368.0,13370.604255,0.023412,extrapolated_from_21_small_rtl_cases,13.206617,3,40,16,360,16,775.0;53.0;53.0;53.0;53.0;53.0;53.0;53.0;53.0;53.0;53.0;53.0;53.0;53.0;53.0;53.0;53.0;53.0;53.0;53.0;53.0;53.0;53.0;53.0;53.0;53.0;53.0;53.0;53.0;53.0;53.0;53.0;53.0;53.0;53.0;53.0;53.0;53.0;53.0;53.0;53.0;53.0;53.0;53.0;53.0;53.0;53.0;53.0;53.0;53.0;53.0;53.0;53.0;53.0;53.0;53.0;53.0;53.0;53.0;53.0;53.0;53.0;53.0;53.0;53.0;53.0;53.0;53.0;53.0;53.0;53.0;53.0;53.0;53.0;53.0;53.0;53.0;53.0;53.0;53.0;53.0;53.0;53.0;53.0;53.0;53.0;53.0;53.0;53.0;53.0;53.0;53.0;53.0;53.0;53.0;53.0;53.0;53.0;53.0;53.0;53.0;53.0;53.0;53.0;53.0;53.0;53.0;53.0;53.0;53.0;53.0;53.0;53.0;53.0;53.0;53.0;53.0;53.0;53.0;53.0;53.0;53.0;53.0;53.0;53.0;53.0;53.0;53.0;53.0;53.0;53.0;53.0;53.0;53.0;53.0;53.0;53.0;53.0;53.0;53.0;53.0;53.0;53.0;53.0;53.0;53.0;53.0;53.0;53.0;53.0;53.0;53.0;53.0;53.0;53.0;53.0;53.0;53.0;53.0;53.0;53.0;53.0;53.0;53.0;53.0;53.0;53.0;53.0;53.0;53.0;53.0;53.0;53.0;53.0;53.0;53.0;53.0;53.0;53.0;53.0;53.0;53.0;53.0;53.0;53.0;53.0;53.0;53.0;53.0;53.0;53.0;53.0;53.0;53.0;53.0;53.0;53.0;53.0;53.0;53.0;53.0;53.0;53.0;53.0;53.0;53.0;53.0;53.0;53.0;53.0;53.0;53.0;53.0;53.0;53.0;53.0;53.0;53.0;53.0;53.0;53.0;53.0;53.0;53.0;53.0;53.0;53.0;53.0;53.0;53.0;53.0;53.0;53.0;53.0;53.0;53.0;53.0;53.0;53.0;53.0;53.0;53.0;53.0;53.0;53.0;53.0;53.0;53.0;53.0;53.0;53.0;53.0;53.0;53.0;53.0;53.0;53.0;53.0;53.0;53.0;53.0;53.0;53.0;53.0;53.0;53.0;53.0;53.0;53.0;53.0;53.0;53.0;53.0;53.0;53.0;53.0;53.0;53.0;53.0;53.0;53.0;53.0;53.0;53.0;53.0;53.0;53.0;53.0;53.0;53.0;53.0;53.0;53.0;53.0;53.0;53.0;53.0;53.0;53.0;53.0;53.0;53.0;53.0;53.0;53.0;53.0;53.0;53.0;53.0;53.0;53.0;53.0;53.0;53.0;53.0;53.0;53.0;53.0;53.0;53.0;53.0;53.0;53.0;53.0;53.0;53.0;53.0;53.0;53.0;53.0;53.0;53.0;53.0;53.0;53.0;53.0;53.0;53.0;53.0;53.0;53.0;53.0;53.0;53.0;53.0;53.0;53.0;53.0;53.0;53.0;53.0;53.0;53.0;53.0;53.0;53.0;53.0;53.0;53.0;56.0,19805.0,316880.0,337.106383,0.928594,0.025213,group16_multicin_v5_validated,projection_uses_group16_v5_for_multicin_but_k3_group16_not_validated,calibrated projection; group16 spatial repetition still has RTL X issue,3,40,360,16,5915.0;5915.0;5915.0;5915.0;5915.0;5915.0;5915.0;5915.0;5915.0;5915.0;5915.0;5915.0;5915.0;5915.0;5915.0;5915.0;5915.0;5915.0;5915.0;5915.0;5915.0;5915.0;5915.0;5915.0;5915.0;5915.0;5915.0;5915.0;5915.0;5915.0;5915.0;5915.0;5915.0;5915.0;5915.0;5915.0;5915.0;5915.0;5915.0;5915.0;5915.0;5915.0;5915.0;5915.0;5915.0;5915.0;5915.0;5915.0;5915.0;5915.0;5915.0;5915.0;5915.0;5915.0;5915.0;5915.0;5915.0;5915.0;5915.0;5915.0;5915.0;5915.0;5915.0;5915.0;5915.0;5915.0;5915.0;5915.0;5915.0;5915.0;5915.0;5915.0;5915.0;5915.0;5915.0;5915.0;5915.0;5915.0;5915.0;5915.0;5915.0;5915.0;5915.0;5915.0;5915.0;5915.0;5915.0;5915.0;5915.0;5915.0;5915.0;5915.0;5915.0;5915.0;5915.0;5915.0;5915.0;5915.0;5915.0;5915.0;5915.0;5915.0;5915.0;5915.0;5915.0;5915.0;5915.0;5915.0;5915.0;5915.0;5915.0;5915.0;5915.0;5915.0;5915.0;5915.0;5915.0;5915.0;5915.0;5915.0;5915.0;5915.0;5915.0;5915.0;5915.0;5915.0;5915.0;5915.0;5915.0;5915.0;5915.0;5915.0;5915.0;5915.0;5915.0;5915.0;5915.0;5915.0;5915.0;5915.0;5915.0;5915.0;5915.0;5915.0;5915.0;5915.0;5915.0;5915.0;5915.0;5915.0;5915.0;5915.0;5915.0;5915.0;5915.0;5915.0;5915.0;5915.0;5915.0;5915.0;5915.0;5915.0;5915.0;5915.0;5915.0;5915.0;5915.0;5915.0;5915.0;5915.0;5915.0;5915.0;5915.0;5915.0;5915.0;5915.0;5915.0;5915.0;5915.0;5915.0;5915.0;5915.0;5915.0;5915.0;5915.0;5915.0;5915.0;5915.0;5915.0;5915.0;5915.0;5915.0;5915.0;5915.0;5915.0;5915.0;5915.0;5915.0;5915.0;5915.0;5915.0;5915.0;5915.0;5915.0;5915.0;5915.0;5915.0;5915.0;5915.0;5915.0;5915.0;5915.0;5915.0;5915.0;5915.0;5915.0;5915.0;5915.0;5915.0;5915.0;5915.0;5915.0;5915.0;5915.0;5915.0;5915.0;5915.0;5915.0;5915.0;5915.0;5915.0;5915.0;5915.0;5915.0;5915.0;5915.0;5915.0;5915.0;5915.0;5915.0;5915.0;5915.0;5915.0;5915.0;5915.0;5915.0;5915.0;5915.0;5915.0;5915.0;5915.0;5915.0;5915.0;5915.0;5915.0;5915.0;5915.0;5915.0;5915.0;5915.0;5915.0;5915.0;5915.0;5915.0;5915.0;5915.0;5915.0;5915.0;5915.0;5915.0;5915.0;5915.0;5915.0;5915.0;5915.0;5915.0;5915.0;5915.0;5915.0;5915.0;5915.0;5915.0;5915.0;5915.0;5915.0;5915.0;5915.0;5915.0;5915.0;5915.0;5915.0;5915.0;5915.0;5915.0;5915.0;5915.0;5915.0;5915.0;5915.0;5915.0;5915.0;5915.0;5915.0;5915.0;5915.0;5915.0;5915.0;5915.0;5915.0;5915.0;5915.0;5915.0;5915.0;5915.0;5915.0;5915.0;5915.0;5915.0;5915.0;5915.0;5915.0;5915.0;5915.0;5915.0;5915.0;5915.0;5915.0;5915.0;5915.0;5915.0;5915.0;5915.0;5915.0;5915.0;5915.0;5915.0;5915.0;5915.0;5915.0;5915.0;5915.0;5915.0;5915.0;5915.0;5915.0;5915.0;5915.0;5915.0;5915.0;5915.0;5915.0;5915.0;5915.0;5915.0;5915.0;5915.0;5915.0;5915.0;5915.0;5918.0,2129403.0,34070448.0,36245.157447,0.008637,2.710809,k3_group16_v7,projection_from_k3_group16_v7,C_projection_large_k3_extent_unvalidated,k3 rule-supported but workload extent exceeds direct-clean holdout range,RTL-calibrated projection; full workload RTL validation not claimed
attn_qkv_4096_320_320,SD_UNet_Attention,early_attn,gemm,4096 320 320,Attention QKV projection proxy,/root/autodl-tmp/torchsim_work/flood_results/logs/batch_ops/attn_qkv_4096_320_320.log,1,34810,34810,37.03191489361702,18.970953,367.9275,59.317499999999995,4.76,50352,475136,323580,ok,workload_v1,102400,3200,40960,20480,42,0,9,2560,40960,0,166531,177.16063829787234,419430400,419430400,1.0,256,10,10,gemm,1,"derived from FLOOD Config.scala, Tile.scala, Cluster.scala, and MacMachine_top.v; excludes unimplemented outlier/softmax features",0.20903015054254162,34810.0,37.03191489361702,current_rtl,,,1,10,4,10,256,152.0,149.0,1493.0,382208.0,406.604255,0.091076,extrapolated_from_21_small_rtl_cases,2.295116,1,10,16,10,256,205.0;53.0;53.0;53.0;53.0;53.0;53.0;53.0;53.0;56.0,685.0,175360.0,186.553191,0.198506,0.458808,group16_multicin_v5_validated,projection_group16_multicin_v5,calibrated projection; group16 spatial repetition still has RTL X issue,1,10,10,256,first_spatial=685.0;repeat_spatial=533.0;spatial_points=256,533.5938,136600.0,145.319149,0.254832,0.357397,k1_group16_spatial_reuse_v8,projection_from_k1_group16_v5_v6,C_projection_large_spatial_extent_unvalidated,large spatial extent exceeds direct-clean workload range,RTL-calibrated projection; full workload RTL validation not claimed
attn_score_1024_64_1024,SD_UNet_Attention,mid_attn,gemm,1024 64 1024,Attention score GEMM proxy,/root/autodl-tmp/torchsim_work/flood_results/logs/batch_ops/attn_score_1024_64_1024.log,1,13070,13070,13.904255319148936,9.315375,350.43,36.15,8.48,17468,49152,220406,ok,workload_v1,16384,2048,2048,16384,64,0,15,2048,32768,0,67919,72.25425531914894,67108864,67108864,1.0,64,2,32,gemm,1,"derived from FLOOD Config.scala, Tile.scala, Cluster.scala, and MacMachine_top.v; excludes unimplemented outlier/softmax features",0.19243510652394763,13070.0,13.904255319148936,current_rtl,,,1,32,4,2,64,438.0,435.0,873.0,55872.0,59.438298,0.233928,extrapolated_from_21_small_rtl_cases,0.822627,1,32,16,2,64,623.0;56.0,679.0,43456.0,46.229787,0.300764,0.777778,group16_multicin_v5_validated,projection_group16_multicin_v5,calibrated projection; group16 spatial repetition still has RTL X issue,1,32,2,64,first_spatial=679.0;repeat_spatial=109.0;spatial_points=64,117.9062,7546.0,8.02766,1.732043,0.135059,k1_group16_spatial_reuse_v8,projection_from_k1_group16_v5_v6,D_direct_rtl_blocked,direct RTL attempt observed Cluster/Router/Output X; invalid as clean workload evidence,RTL-calibrated projection; full workload RTL validation not claimed
attn_softmax_1024_1024,SD_UNet_Attention,mid_attn,softmax,1024 1024,Attention softmax proxy,/root/autodl-tmp/torchsim_work/flood_results/logs/batch_ops/attn_softmax_1024_1024.log,1,43587,43587,46.36914893617021,45.213539,368.726,0.0,57.71,63600,787712,229888,ok,workload_v1,,,,,,,,,,,,,,,,,,,,,operator not supported by current FLOOD RTL-aware model,,43587.0,46.36914893617021,current_rtl,,,,,,,,,,,,,,unsupported_operator,,,,,,,,,,,,,,unsupported_operator,,,,,,,,,,,,,unsupported_operator,D_excluded,operator not supported by current FLOOD RTL model,
vae_dec_conv_64_256_128,VAE_Decoder,decoder,conv,1 64 64 256 128 3 1 1,VAE decoder conv proxy,/root/autodl-tmp/torchsim_work/flood_results/logs/batch_ops/vae_dec_conv_64_256_128.log,1,47318,47318,50.338297872340426,23.901136,423.64399999999995,78.072,1.26,80903,1123027,98112,ok,workload_v1,294912,9216,294912,8192,36,2048,768,2048,32768,2048,342852,364.73617021276596,1207959552,1207959552,1.0,256,72,4,spatial_conv,2,"derived from FLOOD Config.scala, Tile.scala, Cluster.scala, and MacMachine_top.v; excludes unimplemented outlier/softmax features",0.13801290352688625,47318.0,50.338297872340426,current_rtl,,,3,4,4,72,256,241.0,238.0,17139.0,4387584.0,4667.642553,0.010785,extrapolated_from_21_small_rtl_cases,12.797312,3,4,16,72,256,91.0;53.0;53.0;53.0;53.0;53.0;53.0;53.0;53.0;53.0;53.0;53.0;53.0;53.0;53.0;53.0;53.0;53.0;53.0;53.0;53.0;53.0;53.0;53.0;53.0;53.0;53.0;53.0;53.0;53.0;53.0;53.0;53.0;53.0;53.0;53.0;53.0;53.0;53.0;53.0;53.0;53.0;53.0;53.0;53.0;53.0;53.0;53.0;53.0;53.0;53.0;53.0;53.0;53.0;53.0;53.0;53.0;53.0;53.0;53.0;53.0;53.0;53.0;53.0;53.0;53.0;53.0;53.0;53.0;53.0;53.0;56.0,3857.0,987392.0,1050.417021,0.047922,0.225042,group16_multicin_v5_validated,projection_uses_group16_v5_for_multicin_but_k3_group16_not_validated,calibrated projection; group16 spatial repetition still has RTL X issue,3,4,72,256,623.0;623.0;623.0;623.0;623.0;623.0;623.0;623.0;623.0;623.0;623.0;623.0;623.0;623.0;623.0;623.0;623.0;623.0;623.0;623.0;623.0;623.0;623.0;623.0;623.0;623.0;623.0;623.0;623.0;623.0;623.0;623.0;623.0;623.0;623.0;623.0;623.0;623.0;623.0;623.0;623.0;623.0;623.0;623.0;623.0;623.0;623.0;623.0;623.0;623.0;623.0;623.0;623.0;623.0;623.0;623.0;623.0;623.0;623.0;623.0;623.0;623.0;623.0;623.0;623.0;623.0;623.0;623.0;623.0;623.0;623.0;626.0,44859.0,11483904.0,12216.919149,0.00412,2.617364,k3_group16_v7,projection_from_k3_group16_v7,C_projection_large_k3_extent_unvalidated,k3 rule-supported but workload extent exceeds direct-clean holdout range,RTL-calibrated projection; full workload RTL validation not claimed
dit_qkv_256_768_768,DiT_B4,transformer,gemm,256 768 768,DiT projection proxy,/root/autodl-tmp/torchsim_work/flood_results/logs/batch_ops/dit_qkv_256_768_768.log,1,10941,10941,11.63936170212766,10.724064,332.855,44.1,2.18,14543,197120,34784,ok,workload_v1,36864,18432,6144,3072,56,0,15,384,6144,0,46727,49.70957446808511,150994944,150994944,1.0,16,24,24,gemm,1,"derived from FLOOD Config.scala, Tile.scala, Cluster.scala, and MacMachine_top.v; excludes unimplemented outlier/softmax features",0.23414728101525883,10941.0,11.63936170212766,current_rtl,,,1,24,4,24,16,334.0,331.0,7947.0,127152.0,135.268085,0.086047,extrapolated_from_21_small_rtl_cases,2.721168,1,24,16,24,16,471.0;53.0;53.0;53.0;53.0;53.0;53.0;53.0;53.0;53.0;53.0;53.0;53.0;53.0;53.0;53.0;53.0;53.0;53.0;53.0;53.0;53.0;53.0;56.0,1693.0,27088.0,28.817021,0.403906,0.213036,group16_multicin_v5_validated,projection_group16_multicin_v5,calibrated projection; group16 spatial repetition still has RTL X issue,1,24,24,16,first_spatial=1693.0;repeat_spatial=1275.0;spatial_points=16,1301.125,20818.0,22.146809,0.525555,0.163725,k1_group16_spatial_reuse_v8,projection_from_k1_group16_v5_v6,C_projection_small_extent_not_directly_run,formula-supported but this exact workload row was not directly RTL-run,RTL-calibrated projection; full workload RTL validation not claimed
dit_mlp_256_768_3072,DiT_B4,transformer_mlp,gemm,256 768 3072,DiT MLP expansion proxy,/root/autodl-tmp/torchsim_work/flood_results/logs/batch_ops/dit_mlp_256_768_3072.log,1,36396,36396,38.719148936170214,21.370079,329.03000000000003,58.739999999999995,2.28,46321,638976,101568,ok,workload_v1,147456,73728,6144,12288,128,0,15,1536,24576,0,186767,198.68829787234043,603979776,603979776,1.0,16,24,96,gemm,1,"derived from FLOOD Config.scala, Tile.scala, Cluster.scala, and MacMachine_top.v; excludes unimplemented outlier/softmax features",0.19487382674669507,36396.0,38.719148936170214,current_rtl,,,1,96,4,24,16,1270.0,1267.0,30411.0,486576.0,517.634043,0.0748,extrapolated_from_21_small_rtl_cases,2.605257,1,96,16,24,16,1839.0;53.0;53.0;53.0;53.0;53.0;53.0;53.0;53.0;53.0;53.0;53.0;53.0;53.0;53.0;53.0;53.0;53.0;53.0;53.0;53.0;53.0;53.0;56.0,3061.0,48976.0,52.102128,0.743139,0.100654,group16_multicin_v5_validated,projection_group16_multicin_v5,calibrated projection; group16 spatial repetition still has RTL X issue,1,96,24,16,first_spatial=3061.0;repeat_spatial=1275.0;spatial_points=16,1386.625,22186.0,23.602128,1.640494,0.045596,k1_group16_spatial_reuse_v8,projection_from_k1_group16_v5_v6,D_observed_high_cout_multicin_boundary,adversarial scan found cout=29/cin=2/res_cols=2 reaches 0-cycle boundary even at res_rows=1,RTL-calibrated projection; full workload RTL validation not claimed
dit_softmax_256_256,DiT_B4,transformer_attn,softmax,256 256,DiT attention softmax proxy,/root/autodl-tmp/torchsim_work/flood_results/logs/batch_ops/dit_softmax_256_256.log,1,4602,4602,4.895744680851064,13.424358,215.23,0.0,40.74,2058,24672,8256,ok,workload_v1,,,,,,,,,,,,,,,,,,,,,operator not supported by current FLOOD RTL-aware model,,4602.0,4.895744680851064,current_rtl,,,,,,,,,,,,,,unsupported_operator,,,,,,,,,,,,,,unsupported_operator,,,,,,,,,,,,,unsupported_operator,D_excluded,operator not supported by current FLOOD RTL model,
trace_gemm_001,Synthetic_UNet2DCondition_trace,time_embedding.linear_1,gemm,1 64 256,unique shape traced from synthetic UNet forward,/root/autodl-tmp/torchsim_work/flood_results/logs/synthetic_unet_unique_v1/trace_gemm_001.log,1,623,623,0.6627659574468086,4.666201,120.9,0.16,2.57,157,2240,264,ok,synthetic_unet_trace,64,512,2,4,40,0,7,8,8,0,579,0.6159574468085106,16384,262144,0.0625,1,2,8,gemm,1,"derived from FLOOD Config.scala, Tile.scala, Cluster.scala, and MacMachine_top.v; excludes unimplemented outlier/softmax features",1.075993091537133,623.0,0.6627659574468086,current_rtl,Linear is mapped to GEMM M K N.,300,1,8,4,2,1,126.0,123.0,249.0,249.0,0.264894,2.502008,extrapolated_from_21_small_rtl_cases,0.430052,1,8,16,2,1,167.0;56.0,223.0,223.0,0.237234,2.793722,0.895582,group16_multicin_v5_validated,projection_group16_multicin_v5,calibrated projection; group16 spatial repetition still has RTL X issue,1,8,2,1,first_spatial=223.0;repeat_spatial=109.0;spatial_points=1,223.0,223.0,0.237234,2.793722,0.895582,k1_group16_spatial_reuse_v8,projection_from_k1_group16_v5_v6,B_direct_rtl_clean_workload_row,exact workload row directly RTL-clean; projection matched direct RTL,RTL-calibrated projection; full workload RTL validation not claimed
trace_gemm_002,Synthetic_UNet2DCondition_trace,time_embedding.linear_2,gemm,1 256 256,unique shape traced from synthetic UNet forward,/root/autodl-tmp/torchsim_work/flood_results/logs/synthetic_unet_unique_v1/trace_gemm_002.log,1,1101,1101,1.171276595744681,5.217135,252.44,0.18,1.45,579,8976,264,ok,synthetic_unet_trace,256,2048,8,4,40,0,7,8,8,0,2115,2.25,65536,1048576,0.0625,1,8,8,gemm,1,"derived from FLOOD Config.scala, Tile.scala, Cluster.scala, and MacMachine_top.v; excludes unimplemented outlier/softmax features",0.5205673758865248,1101.0,1.171276595744681,current_rtl,Linear is mapped to GEMM M K N.,300,1,8,4,8,1,126.0,123.0,987.0,987.0,1.05,1.115502,extrapolated_from_21_small_rtl_cases,0.466667,1,8,16,8,1,167.0;53.0;53.0;53.0;53.0;53.0;53.0;56.0,541.0,541.0,0.575532,2.03512,0.548126,group16_multicin_v5_validated,projection_group16_multicin_v5,calibrated projection; group16 spatial repetition still has RTL X issue,1,8,8,1,first_spatial=541.0;repeat_spatial=427.0;spatial_points=1,541.0,541.0,0.575532,2.03512,0.548126,k1_group16_spatial_reuse_v8,projection_from_k1_group16_v5_v6,B_direct_rtl_clean_workload_row,exact workload row directly RTL-clean; projection matched direct RTL,RTL-calibrated projection; full workload RTL validation not claimed
trace_conv_003,Synthetic_UNet2DCondition_trace,conv_in,conv,1 32 32 4 64 3 1 1,unique shape traced from synthetic UNet forward,/root/autodl-tmp/torchsim_work/flood_results/logs/synthetic_unet_unique_v1/trace_conv_003.log,1,6118,6118,6.508510638297873,4.141812,71.01,75.32,2.75,1002,6250,8192,ok,synthetic_unet_trace,1024,72,1152,1024,34,256,64,256,4096,256,7138,7.593617021276596,2359296,4194304,0.5625,64,2,2,spatial_conv,2,"derived from FLOOD Config.scala, Tile.scala, Cluster.scala, and MacMachine_top.v; excludes unimplemented outlier/softmax features",0.8571028299243486,6118.0,6.508510638297873,current_rtl,Conv2d input is NCHW; PyTorchSim conv expects B H W I_C O_C K S P.,300,3,2,4,2,64,133.0,130.0,263.0,16832.0,17.906383,0.363474,extrapolated_from_21_small_rtl_cases,2.358083,3,2,16,2,64,53.0;56.0,109.0,6976.0,7.421277,0.877007,0.414449,group16_multicin_v5_validated,projection_uses_group16_v5_for_multicin_but_k3_group16_not_validated,calibrated projection; group16 spatial repetition still has RTL X issue,3,2,2,64,329.0;332.0,661.0,42304.0,45.004255,0.14462,2.513308,k3_group16_v7,projection_from_k3_group16_v7,C_projection_large_k3_extent_unvalidated,k3 rule-supported but workload extent exceeds direct-clean holdout range,RTL-calibrated projection; full workload RTL validation not claimed
trace_conv_004,Synthetic_UNet2DCondition_trace,down_blocks.0.resnets.0.conv1,conv,1 32 32 64 64 3 1 1,unique shape traced from synthetic UNet forward,/root/autodl-tmp/torchsim_work/flood_results/logs/synthetic_unet_unique_v1/trace_conv_004.log,1,6796,6796,7.229787234042553,5.341181,172.46,67.8,2.18,2483,30771,8192,ok,synthetic_unet_trace,9216,1152,18432,1024,34,256,64,256,4096,256,24418,25.97659574468085,37748736,37748736,1.0,64,18,2,spatial_conv,2,"derived from FLOOD Config.scala, Tile.scala, Cluster.scala, and MacMachine_top.v; excludes unimplemented outlier/softmax features",0.2783192726677042,6796.0,7.229787234042553,current_rtl,Conv2d input is NCHW; PyTorchSim conv expects B H W I_C O_C K S P.,300,3,2,4,18,64,133.0,130.0,2343.0,149952.0,159.523404,0.045321,extrapolated_from_21_small_rtl_cases,6.141043,3,2,16,18,64,53.0;53.0;53.0;53.0;53.0;53.0;53.0;53.0;53.0;53.0;53.0;53.0;53.0;53.0;53.0;53.0;53.0;56.0,957.0,61248.0,65.157447,0.110959,0.408451,group16_multicin_v5_validated,projection_uses_group16_v5_for_multicin_but_k3_group16_not_validated,calibrated projection; group16 spatial repetition still has RTL X issue,3,2,18,64,329.0;329.0;329.0;329.0;329.0;329.0;329.0;329.0;329.0;329.0;329.0;329.0;329.0;329.0;329.0;329.0;329.0;332.0,5925.0,379200.0,403.404255,0.017922,2.528809,k3_group16_v7,projection_from_k3_group16_v7,C_projection_large_k3_extent_unvalidated,k3 rule-supported but workload extent exceeds direct-clean holdout range,RTL-calibrated projection; full workload RTL validation not claimed
trace_gemm_005,Synthetic_UNet2DCondition_trace,down_blocks.0.resnets.0.time_emb_proj,gemm,1 256 64,unique shape traced from synthetic UNet forward,/root/autodl-tmp/torchsim_work/flood_results/logs/synthetic_unet_unique_v1/trace_gemm_005.log,1,656,656,0.6978723404255319,4.472764,108.95,0.15,1.07,149,2312,64,ok,synthetic_unet_trace,64,512,8,1,34,0,1,2,2,0,552,0.5872340425531914,16384,262144,0.0625,1,8,2,gemm,1,"derived from FLOOD Config.scala, Tile.scala, Cluster.scala, and MacMachine_top.v; excludes unimplemented outlier/softmax features",1.1884057971014492,656.0,0.6978723404255319,current_rtl,Linear is mapped to GEMM M K N.,300,1,2,4,8,1,48.0,45.0,363.0,363.0,0.38617,1.807163,extrapolated_from_21_small_rtl_cases,0.657609,1,2,16,8,1,53.0;53.0;53.0;53.0;53.0;53.0;53.0;56.0,427.0,427.0,0.454255,1.5363,1.176309,group16_multicin_v5_validated,projection_group16_multicin_v5,calibrated projection; group16 spatial repetition still has RTL X issue,1,2,8,1,first_spatial=427.0;repeat_spatial=427.0;spatial_points=1,427.0,427.0,0.454255,1.5363,1.176309,k1_group16_spatial_reuse_v8,projection_from_k1_group16_v5_v6,B_direct_rtl_clean_workload_row,exact workload row directly RTL-clean; projection matched direct RTL,RTL-calibrated projection; full workload RTL validation not claimed
trace_conv_006,Synthetic_UNet2DCondition_trace,down_blocks.0.attentions.0.proj_in,conv,1 32 32 64 64 1 1 0,unique shape traced from synthetic UNet forward,/root/autodl-tmp/torchsim_work/flood_results/logs/synthetic_unet_unique_v1/trace_conv_006.log,1,2117,2117,2.252127659574468,4.136857,247.35,24.185000000000002,7.27,1088,9216,8192,ok,synthetic_unet_trace,1024,128,2048,1024,34,0,64,128,2048,0,5346,5.687234042553191,4194304,4194304,1.0,64,2,2,pointwise_conv,1,"derived from FLOOD Config.scala, Tile.scala, Cluster.scala, and MacMachine_top.v; excludes unimplemented outlier/softmax features",0.3959970071081182,2117.0,2.252127659574468,current_rtl,Conv2d input is NCHW; PyTorchSim conv expects B H W I_C O_C K S P.,300,1,2,4,2,64,48.0,45.0,93.0,5952.0,6.331915,0.355679,extrapolated_from_21_small_rtl_cases,1.113356,1,2,16,2,64,53.0;56.0,109.0,6976.0,7.421277,0.303469,1.172043,group16_multicin_v5_validated,projection_group16_multicin_v5,calibrated projection; group16 spatial repetition still has RTL X issue,1,2,2,64,first_spatial=109.0;repeat_spatial=109.0;spatial_points=64,109.0,6976.0,7.421277,0.303469,1.172043,k1_group16_spatial_reuse_v8,projection_from_k1_group16_v5_v6,C_projection_large_spatial_extent_unvalidated,large spatial extent exceeds direct-clean workload range,RTL-calibrated projection; full workload RTL validation not claimed
trace_gemm_007,Synthetic_UNet2DCondition_trace,down_blocks.0.attentions.0.transformer_blocks.0.attn1.to_q,gemm,1024 64 64,unique shape traced from synthetic UNet forward,/root/autodl-tmp/torchsim_work/flood_results/logs/synthetic_unet_unique_v1/trace_gemm_007.log,1,1804,1804,1.9191489361702128,4.110266,290.26,28.38,8.09,1088,9216,8192,ok,synthetic_unet_trace,1024,128,2048,1024,34,0,1,128,2048,0,5283,5.620212765957447,4194304,4194304,1.0,64,2,2,gemm,1,"derived from FLOOD Config.scala, Tile.scala, Cluster.scala, and MacMachine_top.v; excludes unimplemented outlier/softmax features",0.34147264811660044,1804.0,1.9191489361702128,current_rtl,Linear is mapped to GEMM M K N.,300,1,2,4,2,64,48.0,45.0,93.0,5952.0,6.331915,0.303091,extrapolated_from_21_small_rtl_cases,1.126633,1,2,16,2,64,53.0;56.0,109.0,6976.0,7.421277,0.258601,1.172043,group16_multicin_v5_validated,projection_group16_multicin_v5,calibrated projection; group16 spatial repetition still has RTL X issue,1,2,2,64,first_spatial=109.0;repeat_spatial=109.0;spatial_points=64,109.0,6976.0,7.421277,0.258601,1.172043,k1_group16_spatial_reuse_v8,projection_from_k1_group16_v5_v6,C_projection_large_spatial_extent_unvalidated,large spatial extent exceeds direct-clean workload range,RTL-calibrated projection; full workload RTL validation not claimed
trace_gemm_008,Synthetic_UNet2DCondition_trace,down_blocks.0.attentions.0.transformer_blocks.0.attn2.to_k,gemm,77 768 64,unique shape traced from synthetic UNet forward,/root/autodl-tmp/torchsim_work/flood_results/logs/synthetic_unet_unique_v1/trace_gemm_008.log,1,1694,1694,1.8021276595744682,7.187293,258.25,13.635,1.59,909,13904,640,ok,synthetic_unet_trace,960,1536,1848,77,34,0,1,10,160,0,2130,2.265957446808511,3784704,3932160,0.9625,5,24,2,gemm,1,"derived from FLOOD Config.scala, Tile.scala, Cluster.scala, and MacMachine_top.v; excludes unimplemented outlier/softmax features",0.7953051643192488,1694.0,1.8021276595744682,current_rtl,Linear is mapped to GEMM M K N.,300,1,2,4,24,5,48.0,45.0,1083.0,5415.0,5.760638,0.312835,extrapolated_from_21_small_rtl_cases,2.542254,1,2,16,24,5,53.0;53.0;53.0;53.0;53.0;53.0;53.0;53.0;53.0;53.0;53.0;53.0;53.0;53.0;53.0;53.0;53.0;53.0;53.0;53.0;53.0;53.0;53.0;56.0,1275.0,6375.0,6.781915,0.265725,1.177285,group16_multicin_v5_validated,projection_group16_multicin_v5,calibrated projection; group16 spatial repetition still has RTL X issue,1,2,24,5,first_spatial=1275.0;repeat_spatial=1275.0;spatial_points=5,1275.0,6375.0,6.781915,0.265725,1.177285,k1_group16_spatial_reuse_v8,projection_from_k1_group16_v5_v6,C_projection_small_extent_not_directly_run,formula-supported but this exact workload row was not directly RTL-run,RTL-calibrated projection; full workload RTL validation not claimed
trace_gemm_009,Synthetic_UNet2DCondition_trace,down_blocks.0.attentions.0.transformer_blocks.0.ff.net.0.proj,gemm,1024 64 512,unique shape traced from synthetic UNet forward,/root/autodl-tmp/torchsim_work/flood_results/logs/synthetic_unet_unique_v1/trace_gemm_009.log,1,6802,6802,7.236170212765957,6.745598,362.27,30.11,8.41,5120,16384,65536,ok,synthetic_unet_trace,8192,1024,2048,8192,48,0,15,1024,16384,0,33983,36.15212765957447,33554432,33554432,1.0,64,2,16,gemm,1,"derived from FLOOD Config.scala, Tile.scala, Cluster.scala, and MacMachine_top.v; excludes unimplemented outlier/softmax features",0.20015890298090222,6802.0,7.236170212765957,current_rtl,Linear is mapped to GEMM M K N.,300,1,16,4,2,64,230.0,227.0,457.0,29248.0,31.114894,0.232563,extrapolated_from_21_small_rtl_cases,0.860666,1,16,16,2,64,319.0;56.0,375.0,24000.0,25.531915,0.283417,0.820569,group16_multicin_v5_validated,projection_group16_multicin_v5,calibrated projection; group16 spatial repetition still has RTL X issue,1,16,2,64,first_spatial=375.0;repeat_spatial=109.0;spatial_points=64,113.1562,7242.0,7.704255,0.939243,0.247607,k1_group16_spatial_reuse_v8,projection_from_k1_group16_v5_v6,C_projection_large_spatial_extent_unvalidated,large spatial extent exceeds direct-clean workload range,RTL-calibrated projection; full workload RTL validation not claimed
trace_gemm_010,Synthetic_UNet2DCondition_trace,down_blocks.0.attentions.0.transformer_blocks.0.ff.net.2,gemm,1024 256 64,unique shape traced from synthetic UNet forward,/root/autodl-tmp/torchsim_work/flood_results/logs/synthetic_unet_unique_v1/trace_gemm_010.log,1,3611,3611,3.8414893617021275,4.558707,375.32,28.36,4.04,2816,36864,8192,ok,synthetic_unet_trace,4096,512,8192,1024,34,0,1,128,2048,0,11427,12.156382978723403,16777216,16777216,1.0,64,8,2,gemm,1,"derived from FLOOD Config.scala, Tile.scala, Cluster.scala, and MacMachine_top.v; excludes unimplemented outlier/softmax features",0.3160059508182375,3611.0,3.8414893617021275,current_rtl,Linear is mapped to GEMM M K N.,300,1,2,4,8,64,48.0,45.0,363.0,23232.0,24.714894,0.155432,extrapolated_from_21_small_rtl_cases,2.03308,1,2,16,8,64,53.0;53.0;53.0;53.0;53.0;53.0;53.0;56.0,427.0,27328.0,29.07234,0.132136,1.176309,group16_multicin_v5_validated,projection_group16_multicin_v5,calibrated projection; group16 spatial repetition still has RTL X issue,1,2,8,64,first_spatial=427.0;repeat_spatial=427.0;spatial_points=64,427.0,27328.0,29.07234,0.132136,1.176309,k1_group16_spatial_reuse_v8,projection_from_k1_group16_v5_v6,C_projection_large_spatial_extent_unvalidated,large spatial extent exceeds direct-clean workload range,RTL-calibrated projection; full workload RTL validation not claimed
trace_conv_011,Synthetic_UNet2DCondition_trace,down_blocks.0.downsamplers.0.conv,conv,1 32 32 64 64 3 2 1,unique shape traced from synthetic UNet forward,/root/autodl-tmp/torchsim_work/flood_results/logs/synthetic_unet_unique_v1/trace_conv_011.log,1,2745,2745,2.9202127659574466,4.80463,223.37,41.97,1.46,1274,18336,2048,ok,synthetic_unet_trace,2304,1152,4608,256,34,64,16,64,1024,64,6130,6.5212765957446805,9437184,9437184,1.0,16,18,2,spatial_conv,2,"derived from FLOOD Config.scala, Tile.scala, Cluster.scala, and MacMachine_top.v; excludes unimplemented outlier/softmax features",0.44779771615008157,2745.0,2.9202127659574466,current_rtl,Conv2d input is NCHW; PyTorchSim conv expects B H W I_C O_C K S P.,300,3,2,4,18,16,133.0,130.0,2343.0,37488.0,39.880851,0.073223,extrapolated_from_21_small_rtl_cases,6.115498,3,2,16,18,16,53.0;53.0;53.0;53.0;53.0;53.0;53.0;53.0;53.0;53.0;53.0;53.0;53.0;53.0;53.0;53.0;53.0;56.0,957.0,15312.0,16.289362,0.179271,0.408451,group16_multicin_v5_validated,projection_uses_group16_v5_for_multicin_but_k3_group16_not_validated,calibrated projection; group16 spatial repetition still has RTL X issue,3,2,18,16,329.0;329.0;329.0;329.0;329.0;329.0;329.0;329.0;329.0;329.0;329.0;329.0;329.0;329.0;329.0;329.0;329.0;332.0,5925.0,94800.0,100.851064,0.028956,2.528809,k3_group16_v7,projection_from_k3_group16_v7,C_projection_large_k3_extent_unvalidated,k3 rule-supported but workload extent exceeds direct-clean holdout range,RTL-calibrated projection; full workload RTL validation not claimed
trace_conv_012,Synthetic_UNet2DCondition_trace,down_blocks.1.resnets.0.conv1,conv,1 16 16 64 64 3 1 1,unique shape traced from synthetic UNet forward,/root/autodl-tmp/torchsim_work/flood_results/logs/synthetic_unet_unique_v1/trace_conv_012.log,1,2292,2292,2.4382978723404256,4.002531,178.42,50.260000000000005,1.75,875,11547,2048,ok,synthetic_unet_trace,2304,1152,4608,256,34,64,16,64,1024,64,6130,6.5212765957446805,9437184,9437184,1.0,16,18,2,spatial_conv,2,"derived from FLOOD Config.scala, Tile.scala, Cluster.scala, and MacMachine_top.v; excludes unimplemented outlier/softmax features",0.3738988580750408,2292.0,2.4382978723404256,current_rtl,Conv2d input is NCHW; PyTorchSim conv expects B H W I_C O_C K S P.,300,3,2,4,18,16,133.0,130.0,2343.0,37488.0,39.880851,0.06114,extrapolated_from_21_small_rtl_cases,6.115498,3,2,16,18,16,53.0;53.0;53.0;53.0;53.0;53.0;53.0;53.0;53.0;53.0;53.0;53.0;53.0;53.0;53.0;53.0;53.0;56.0,957.0,15312.0,16.289362,0.149687,0.408451,group16_multicin_v5_validated,projection_uses_group16_v5_for_multicin_but_k3_group16_not_validated,calibrated projection; group16 spatial repetition still has RTL X issue,3,2,18,16,329.0;329.0;329.0;329.0;329.0;329.0;329.0;329.0;329.0;329.0;329.0;329.0;329.0;329.0;329.0;329.0;329.0;332.0,5925.0,94800.0,100.851064,0.024177,2.528809,k3_group16_v7,projection_from_k3_group16_v7,C_projection_large_k3_extent_unvalidated,k3 rule-supported but workload extent exceeds direct-clean holdout range,RTL-calibrated projection; full workload RTL validation not claimed
trace_conv_013,Synthetic_UNet2DCondition_trace,mid_block.attentions.0.proj_in,conv,1 16 16 64 64 1 1 0,unique shape traced from synthetic UNet forward,/root/autodl-tmp/torchsim_work/flood_results/logs/synthetic_unet_unique_v1/trace_conv_013.log,1,999,999,1.0627659574468085,3.440178,156.09,12.81,4.8,324,3072,2112,ok,synthetic_unet_trace,256,128,512,256,34,0,16,32,512,0,1362,1.4489361702127659,1048576,1048576,1.0,16,2,2,pointwise_conv,1,"derived from FLOOD Config.scala, Tile.scala, Cluster.scala, and MacMachine_top.v; excludes unimplemented outlier/softmax features",0.7334801762114538,999.0,1.0627659574468085,current_rtl,Conv2d input is NCHW; PyTorchSim conv expects B H W I_C O_C K S P.,300,1,2,4,2,16,48.0,45.0,93.0,1488.0,1.582979,0.671371,extrapolated_from_21_small_rtl_cases,1.092511,1,2,16,2,16,53.0;56.0,109.0,1744.0,1.855319,0.572821,1.172043,group16_multicin_v5_validated,projection_group16_multicin_v5,calibrated projection; group16 spatial repetition still has RTL X issue,1,2,2,16,first_spatial=109.0;repeat_spatial=109.0;spatial_points=16,109.0,1744.0,1.855319,0.572821,1.172043,k1_group16_spatial_reuse_v8,projection_from_k1_group16_v5_v6,B_direct_rtl_clean_workload_row,exact workload row directly RTL-clean; projection matched direct RTL,RTL-calibrated projection; full workload RTL validation not claimed
trace_gemm_014,Synthetic_UNet2DCondition_trace,mid_block.attentions.0.transformer_blocks.0.attn1.to_q,gemm,256 64 64,unique shape traced from synthetic UNet forward,/root/autodl-tmp/torchsim_work/flood_results/logs/synthetic_unet_unique_v1/trace_gemm_014.log,1,940,940,1.0,4.608492,147.46,13.62,4.26,288,2560,2048,ok,synthetic_unet_trace,256,128,512,256,34,0,1,32,512,0,1347,1.4329787234042553,1048576,1048576,1.0,16,2,2,gemm,1,"derived from FLOOD Config.scala, Tile.scala, Cluster.scala, and MacMachine_top.v; excludes unimplemented outlier/softmax features",0.6978470675575352,940.0,1.0,current_rtl,Linear is mapped to GEMM M K N.,300,1,2,4,2,16,48.0,45.0,93.0,1488.0,1.582979,0.63172,extrapolated_from_21_small_rtl_cases,1.104677,1,2,16,2,16,53.0;56.0,109.0,1744.0,1.855319,0.538991,1.172043,group16_multicin_v5_validated,projection_group16_multicin_v5,calibrated projection; group16 spatial repetition still has RTL X issue,1,2,2,16,first_spatial=109.0;repeat_spatial=109.0;spatial_points=16,109.0,1744.0,1.855319,0.538991,1.172043,k1_group16_spatial_reuse_v8,projection_from_k1_group16_v5_v6,B_direct_rtl_clean_workload_row,exact workload row directly RTL-clean; projection matched direct RTL,RTL-calibrated projection; full workload RTL validation not claimed
trace_gemm_015,Synthetic_UNet2DCondition_trace,mid_block.attentions.0.transformer_blocks.0.ff.net.0.proj,gemm,256 64 512,unique shape traced from synthetic UNet forward,/root/autodl-tmp/torchsim_work/flood_results/logs/synthetic_unet_unique_v1/trace_gemm_015.log,1,2131,2131,2.2670212765957447,6.087452,346.9,24.03,6.76,1536,8192,16384,ok,synthetic_unet_trace,2048,1024,512,2048,48,0,15,256,4096,0,8639,9.190425531914894,8388608,8388608,1.0,16,2,16,gemm,1,"derived from FLOOD Config.scala, Tile.scala, Cluster.scala, and MacMachine_top.v; excludes unimplemented outlier/softmax features",0.24667206852644982,2131.0,2.2670212765957447,current_rtl,Linear is mapped to GEMM M K N.,300,1,16,4,2,16,230.0,227.0,457.0,7312.0,7.778723,0.291439,extrapolated_from_21_small_rtl_cases,0.846394,1,16,16,2,16,319.0;56.0,375.0,6000.0,6.382979,0.355167,0.820569,group16_multicin_v5_validated,projection_group16_multicin_v5,calibrated projection; group16 spatial repetition still has RTL X issue,1,16,2,16,first_spatial=375.0;repeat_spatial=109.0;spatial_points=16,125.625,2010.0,2.138298,1.060199,0.274891,k1_group16_spatial_reuse_v8,projection_from_k1_group16_v5_v6,B_direct_rtl_clean_workload_row,exact workload row directly RTL-clean; projection matched direct RTL,RTL-calibrated projection; full workload RTL validation not claimed
trace_gemm_016,Synthetic_UNet2DCondition_trace,mid_block.attentions.0.transformer_blocks.0.ff.net.2,gemm,256 256 64,unique shape traced from synthetic UNet forward,/root/autodl-tmp/torchsim_work/flood_results/logs/synthetic_unet_unique_v1/trace_gemm_016.log,1,1513,1513,1.6095744680851063,5.852205,249.39,16.92,3.57,784,10496,2048,ok,synthetic_unet_trace,1024,512,2048,256,34,0,1,32,512,0,2883,3.0670212765957445,4194304,4194304,1.0,16,8,2,gemm,1,"derived from FLOOD Config.scala, Tile.scala, Cluster.scala, and MacMachine_top.v; excludes unimplemented outlier/softmax features",0.524800554977454,1513.0,1.6095744680851063,current_rtl,Linear is mapped to GEMM M K N.,300,1,2,4,8,16,48.0,45.0,363.0,5808.0,6.178723,0.260503,extrapolated_from_21_small_rtl_cases,2.014568,1,2,16,8,16,53.0;53.0;53.0;53.0;53.0;53.0;53.0;56.0,427.0,6832.0,7.268085,0.221458,1.176309,group16_multicin_v5_validated,projection_group16_multicin_v5,calibrated projection; group16 spatial repetition still has RTL X issue,1,2,8,16,first_spatial=427.0;repeat_spatial=427.0;spatial_points=16,427.0,6832.0,7.268085,0.221458,1.176309,k1_group16_spatial_reuse_v8,projection_from_k1_group16_v5_v6,C_projection_small_extent_not_directly_run,formula-supported but this exact workload row was not directly RTL-run,RTL-calibrated projection; full workload RTL validation not claimed
trace_conv_017,Synthetic_UNet2DCondition_trace,up_blocks.0.resnets.0.conv1,conv,1 16 16 128 64 3 1 1,unique shape traced from synthetic UNet forward,/root/autodl-tmp/torchsim_work/flood_results/logs/synthetic_unet_unique_v1/trace_conv_017.log,1,2877,2877,3.0606382978723405,4.359859,262.3,40.04,1.18,1568,23040,2048,ok,synthetic_unet_trace,4608,2304,9216,256,34,64,16,64,1024,64,10738,11.423404255319149,18874368,18874368,1.0,16,36,2,spatial_conv,2,"derived from FLOOD Config.scala, Tile.scala, Cluster.scala, and MacMachine_top.v; excludes unimplemented outlier/softmax features",0.26792698826597133,2877.0,3.0606382978723405,current_rtl,Conv2d input is NCHW; PyTorchSim conv expects B H W I_C O_C K S P.,300,3,2,4,36,16,133.0,130.0,4683.0,74928.0,79.710638,0.038397,extrapolated_from_21_small_rtl_cases,6.977836,3,2,16,36,16,53.0;53.0;53.0;53.0;53.0;53.0;53.0;53.0;53.0;53.0;53.0;53.0;53.0;53.0;53.0;53.0;53.0;53.0;53.0;53.0;53.0;53.0;53.0;53.0;53.0;53.0;53.0;53.0;53.0;53.0;53.0;53.0;53.0;53.0;53.0;56.0,1911.0,30576.0,32.52766,0.094093,0.408072,group16_multicin_v5_validated,projection_uses_group16_v5_for_multicin_but_k3_group16_not_validated,calibrated projection; group16 spatial repetition still has RTL X issue,3,2,36,16,329.0;329.0;329.0;329.0;329.0;329.0;329.0;329.0;329.0;329.0;329.0;329.0;329.0;329.0;329.0;329.0;329.0;329.0;329.0;329.0;329.0;329.0;329.0;329.0;329.0;329.0;329.0;329.0;329.0;329.0;329.0;329.0;329.0;329.0;329.0;332.0,11847.0,189552.0,201.651064,0.015178,2.529789,k3_group16_v7,projection_from_k3_group16_v7,C_projection_large_k3_extent_unvalidated,k3 rule-supported but workload extent exceeds direct-clean holdout range,RTL-calibrated projection; full workload RTL validation not claimed
trace_conv_018,Synthetic_UNet2DCondition_trace,up_blocks.0.resnets.0.conv_shortcut,conv,1 16 16 128 64 1 1 0,unique shape traced from synthetic UNet forward,/root/autodl-tmp/torchsim_work/flood_results/logs/synthetic_unet_unique_v1/trace_conv_018.log,1,1120,1120,1.1914893617021276,3.478541,192.51,11.43,3.04,448,5120,2048,ok,synthetic_unet_trace,512,256,1024,256,34,0,16,32,512,0,1874,1.9936170212765958,2097152,2097152,1.0,16,4,2,pointwise_conv,1,"derived from FLOOD Config.scala, Tile.scala, Cluster.scala, and MacMachine_top.v; excludes unimplemented outlier/softmax features",0.5976520811099253,1120.0,1.1914893617021276,current_rtl,Conv2d input is NCHW; PyTorchSim conv expects B H W I_C O_C K S P.,300,1,2,4,4,16,48.0,45.0,183.0,2928.0,3.114894,0.382514,extrapolated_from_21_small_rtl_cases,1.562433,1,2,16,4,16,53.0;53.0;53.0;56.0,215.0,3440.0,3.659574,0.325581,1.174863,group16_multicin_v5_validated,projection_group16_multicin_v5,calibrated projection; group16 spatial repetition still has RTL X issue,1,2,4,16,first_spatial=215.0;repeat_spatial=215.0;spatial_points=16,215.0,3440.0,3.659574,0.325581,1.174863,k1_group16_spatial_reuse_v8,projection_from_k1_group16_v5_v6,D_direct_rtl_blocked,direct RTL attempt observed Cluster/Router/Output X; invalid as clean workload evidence,RTL-calibrated projection; full workload RTL validation not claimed
trace_conv_019,Synthetic_UNet2DCondition_trace,up_blocks.1.resnets.0.conv1,conv,1 32 32 128 64 3 1 1,unique shape traced from synthetic UNet forward,/root/autodl-tmp/torchsim_work/flood_results/logs/synthetic_unet_unique_v1/trace_conv_019.log,1,8001,8001,8.511702127659575,5.779859,307.98,57.59,2.02,5120,73728,8192,ok,synthetic_unet_trace,18432,2304,36864,1024,34,256,64,256,4096,256,42850,45.58510638297872,75497472,75497472,1.0,64,36,2,spatial_conv,2,"derived from FLOOD Config.scala, Tile.scala, Cluster.scala, and MacMachine_top.v; excludes unimplemented outlier/softmax features",0.1867211201866978,8001.0,8.511702127659575,current_rtl,Conv2d input is NCHW; PyTorchSim conv expects B H W I_C O_C K S P.,300,3,2,4,36,64,133.0,130.0,4683.0,299712.0,318.842553,0.026696,extrapolated_from_21_small_rtl_cases,6.994446,3,2,16,36,64,53.0;53.0;53.0;53.0;53.0;53.0;53.0;53.0;53.0;53.0;53.0;53.0;53.0;53.0;53.0;53.0;53.0;53.0;53.0;53.0;53.0;53.0;53.0;53.0;53.0;53.0;53.0;53.0;53.0;53.0;53.0;53.0;53.0;53.0;53.0;56.0,1911.0,122304.0,130.110638,0.065419,0.408072,group16_multicin_v5_validated,projection_uses_group16_v5_for_multicin_but_k3_group16_not_validated,calibrated projection; group16 spatial repetition still has RTL X issue,3,2,36,64,329.0;329.0;329.0;329.0;329.0;329.0;329.0;329.0;329.0;329.0;329.0;329.0;329.0;329.0;329.0;329.0;329.0;329.0;329.0;329.0;329.0;329.0;329.0;329.0;329.0;329.0;329.0;329.0;329.0;329.0;329.0;329.0;329.0;329.0;329.0;332.0,11847.0,758208.0,806.604255,0.010553,2.529789,k3_group16_v7,projection_from_k3_group16_v7,C_projection_large_k3_extent_unvalidated,k3 rule-supported but workload extent exceeds direct-clean holdout range,RTL-calibrated projection; full workload RTL validation not claimed
trace_conv_020,Synthetic_UNet2DCondition_trace,up_blocks.1.resnets.0.conv_shortcut,conv,1 32 32 128 64 1 1 0,unique shape traced from synthetic UNet forward,/root/autodl-tmp/torchsim_work/flood_results/logs/synthetic_unet_unique_v1/trace_conv_020.log,1,2206,2206,2.3468085106382977,4.267188,363.03,23.21,6.98,1664,18432,8192,ok,synthetic_unet_trace,2048,256,4096,1024,34,0,64,128,2048,0,7394,7.865957446808511,8388608,8388608,1.0,64,4,2,pointwise_conv,1,"derived from FLOOD Config.scala, Tile.scala, Cluster.scala, and MacMachine_top.v; excludes unimplemented outlier/softmax features",0.2983500135244793,2206.0,2.3468085106382977,current_rtl,Conv2d input is NCHW; PyTorchSim conv expects B H W I_C O_C K S P.,300,1,2,4,4,64,48.0,45.0,183.0,11712.0,12.459574,0.188354,extrapolated_from_21_small_rtl_cases,1.583987,1,2,16,4,64,53.0;53.0;53.0;56.0,215.0,13760.0,14.638298,0.16032,1.174863,group16_multicin_v5_validated,projection_group16_multicin_v5,calibrated projection; group16 spatial repetition still has RTL X issue,1,2,4,64,first_spatial=215.0;repeat_spatial=215.0;spatial_points=64,215.0,13760.0,14.638298,0.16032,1.174863,k1_group16_spatial_reuse_v8,projection_from_k1_group16_v5_v6,C_projection_large_spatial_extent_unvalidated,large spatial extent exceeds direct-clean workload range,RTL-calibrated projection; full workload RTL validation not claimed
trace_conv_021,Synthetic_UNet2DCondition_trace,conv_out,conv,1 32 32 64 4 3 1 1,unique shape traced from synthetic UNet forward,/root/autodl-tmp/torchsim_work/flood_results/logs/synthetic_unet_unique_v1/trace_conv_021.log,1,6246,6246,6.64468085106383,5.059508,133.7,73.78,2.37,1783,26739,1024,ok,synthetic_unet_trace,4608,72,18432,64,33,128,0,128,2048,128,20961,22.298936170212766,2359296,18874368,0.125,64,18,1,spatial_conv,2,"derived from FLOOD Config.scala, Tile.scala, Cluster.scala, and MacMachine_top.v; excludes unimplemented outlier/softmax features",0.2979819665092314,6246.0,6.64468085106383,current_rtl,Conv2d input is NCHW; PyTorchSim conv expects B H W I_C O_C K S P.,300,3,1,4,18,64,79.0,76.0,1371.0,87744.0,93.344681,0.071184,extrapolated_from_21_small_rtl_cases,4.18606,3,1,16,18,64,34.0;53.0;53.0;53.0;53.0;53.0;53.0;53.0;53.0;53.0;53.0;53.0;53.0;53.0;53.0;53.0;53.0;56.0,938.0,60032.0,63.86383,0.104045,0.684172,group16_multicin_v5_validated,projection_uses_group16_v5_for_multicin_but_k3_group16_not_validated,calibrated projection; group16 spatial repetition still has RTL X issue,3,1,18,64,182.0;182.0;182.0;182.0;182.0;182.0;182.0;182.0;182.0;182.0;182.0;182.0;182.0;182.0;182.0;182.0;182.0;185.0,3279.0,209856.0,223.251064,0.029763,2.391685,k3_group16_v7,projection_from_k3_group16_v7,C_projection_large_k3_extent_unvalidated,k3 rule-supported but workload extent exceeds direct-clean holdout range,RTL-calibrated projection; full workload RTL validation not claimed
